Name,Age,Employee ID,Department,Date Of Joining,Position
Thomas Castillo,32,EMP0001,Legal,6/29/2023,Contract Manager
Anthony Miller,61,EMP0002,Finance,3/26/2015,Chief Financial Officer
Sandra Hughes,64,EMP0003,Sales,5/6/2024,Junior Sales Associate
James Ramirez,48,EMP0004,Quality Assurance,12/4/2021,QA Lead
Emily Hall,65,EMP0005,Quality Assurance,11/7/2019,QA Analyst
Kelly Johnson,50,EMP0006,Marketing,9/6/2017,Marketing Coordinator
Jose Lee,33,EMP0007,Marketing,10/24/2019,Social Media Manager
Angela Howard,57,EMP0008,Marketing,3/23/2015,Marketing Coordinator
Thomas Thomas,29,EMP0009,Marketing,3/13/2016,Campaign Manager
Ronald Anderson,53,EMP0010,Administration,7/4/2022,Receptionist
Kenneth Rodriguez,53,EMP0011,Marketing,2/24/2021,Marketing Analyst
Matthew Hernandez,30,EMP0012,Product Management,3/9/2017,Associate Product Manager
Kevin Scott,57,EMP0013,Operations,8/23/2018,Operations Manager
Shirley Taylor,64,EMP0014,Human Resources,11/24/2016,Training Coordinator
Patricia Robinson,44,EMP0015,Human Resources,3/22/2018,HR Coordinator
George Gomez,57,EMP0016,Legal,10/26/2023,Contract Manager
Laura Castillo,48,EMP0017,Product Management,5/13/2022,Product Manager
Kenneth Davis,50,EMP0018,Human Resources,12/29/2021,Training Coordinator
Aaron Thompson,32,EMP0019,Customer Support,2/25/2018,Customer Support Specialist
Kathleen Price,35,EMP0020,Operations,2/4/2020,Operations Analyst
Patricia Miller,62,EMP0021,Customer Support,5/24/2018,Support Team Lead
Michelle Wood,60,EMP0022,IT,11/5/2016,Network Engineer
Steven Young,33,EMP0023,Sales,11/11/2018,Junior Sales Associate
Gregory Morales,51,EMP0024,Administration,8/22/2015,Receptionist
Olivia Gomez,31,EMP0025,Engineering,10/5/2018,Solutions Architect
Melissa Reed,44,EMP0026,Research & Development,1/10/2018,Research Scientist
Melissa Sanders,28,EMP0027,Product Management,12/24/2023,Product Manager
Nancy Ruiz,25,EMP0028,Finance,8/3/2021,Accounts Receivable Specialist
Virginia Hughes,43,EMP0029,Administration,1/4/2018,Office Manager
Barbara Walker,45,EMP0030,Quality Assurance,2/3/2018,Automation Engineer
Catherine Diaz,42,EMP0031,Research & Development,12/21/2021,Senior Research Scientist
Mark Cooper,52,EMP0032,Sales,6/21/2017,Junior Sales Associate
Angela Harris,40,EMP0033,Administration,7/5/2018,Administrative Assistant
Ashley Morgan,36,EMP0034,Customer Support,7/17/2021,Technical Support Engineer
Samantha Murphy,54,EMP0035,Administration,11/22/2021,Administrative Manager
Frank Martin,56,EMP0036,Sales,6/23/2023,Regional Sales Manager
Nicole Scott,24,EMP0037,Administration,10/30/2015,Executive Assistant
Linda Kelly,65,EMP0038,Legal,12/15/2015,Legal Assistant
Gregory Collins,24,EMP0039,Sales,5/27/2022,Sales Manager
Amanda Smith,40,EMP0040,Quality Assurance,10/15/2019,QA Analyst
Deborah Brown,65,EMP0041,Engineering,7/30/2017,Mobile App Developer
Ryan White,38,EMP0042,Operations,10/20/2022,Warehouse Manager
Joyce Miller,29,EMP0043,Engineering,9/24/2015,Junior Developer
Maria Bailey,58,EMP0044,Human Resources,4/21/2017,HR Manager
Kimberly Rodriguez,29,EMP0045,Operations,12/16/2015,Operations Director
Robert Gonzalez,62,EMP0046,Customer Support,7/22/2016,Customer Support Specialist
Zachary Murphy,40,EMP0047,Marketing,5/22/2016,Campaign Manager
Mary Diaz,35,EMP0048,Legal,5/30/2024,Contract Manager
Jose Kelly,58,EMP0049,IT,7/13/2019,IT Director
Amanda Lee,61,EMP0050,Operations,12/25/2021,Operations Coordinator
Raymond Morris,49,EMP0051,Engineering,3/20/2021,Mobile App Developer
Rachel Sanders,35,EMP0052,IT,9/25/2017,System Administrator
William Harris,65,EMP0053,IT,6/10/2021,IT Support Specialist
Jack Harris,29,EMP0054,Human Resources,9/2/2021,Recruitment Manager
Angela Campbell,26,EMP0055,Research & Development,3/27/2024,Senior Research Scientist
David Mendoza,42,EMP0056,Quality Assurance,12/11/2021,QA Manager
Emily Gonzalez,51,EMP0057,Engineering,8/25/2024,Full Stack Developer
Heather Gray,54,EMP0058,Finance,1/26/2017,Budget Analyst
Melissa Collins,45,EMP0059,Research & Development,2/12/2019,Research Engineer
Michelle Jones,53,EMP0060,Sales,1/31/2022,Business Development Manager
Catherine Kim,55,EMP0061,Marketing,2/28/2023,Marketing Manager
Janet Turner,22,EMP0062,Sales,12/7/2022,Sales Director
Charles Campbell,59,EMP0063,IT,1/7/2018,Database Administrator
Joyce Lopez,45,EMP0064,Administration,5/5/2021,Office Manager
Edward Ramirez,35,EMP0065,Marketing,3/28/2019,Campaign Manager
Jack Bennett,55,EMP0066,Human Resources,4/19/2023,HR Director
Raymond Evans,25,EMP0067,Legal,12/2/2020,Legal Counsel
Donna Campbell,40,EMP0068,Customer Support,8/19/2023,Support Team Lead
Adam Hernandez,65,EMP0069,Marketing,3/31/2024,Growth Manager
Raymond Baker,36,EMP0070,Legal,7/8/2018,Contract Manager
Stephen Martinez,33,EMP0071,Sales,1/11/2017,Account Manager
Daniel Garcia,25,EMP0072,Product Management,10/16/2021,Product Analyst
Ruth Cruz,58,EMP0073,Research & Development,2/5/2023,Innovation Manager
David James,54,EMP0074,Customer Support,2/25/2020,Support Team Lead
Donald Ruiz,24,EMP0075,Engineering,2/26/2021,DevOps Engineer
Ryan Gutierrez,58,EMP0076,Product Management,9/2/2018,Product Director
Karen Scott,64,EMP0077,Sales,4/13/2024,Business Development Manager
Henry Martin,33,EMP0078,Operations,1/2/2016,Operations Analyst
Shirley Chavez,42,EMP0079,Customer Support,12/31/2022,Support Team Lead
Olivia Ortiz,23,EMP0080,Sales,7/4/2016,Business Development Manager
John Wilson,28,EMP0081,Administration,12/21/2022,Administrative Manager
Victoria Miller,37,EMP0082,IT,6/10/2022,Help Desk Technician
Lauren Bennett,59,EMP0083,Customer Support,10/24/2024,Customer Support Manager
Carolyn Reyes,54,EMP0084,Marketing,5/29/2021,Social Media Manager
Lisa Brown,59,EMP0085,Marketing,7/26/2022,Marketing Analyst
William Wilson,57,EMP0086,Human Resources,3/27/2024,Training Coordinator
Stephen Gomez,49,EMP0087,IT,2/22/2017,Help Desk Technician
Lisa Castillo,34,EMP0088,Research & Development,9/19/2016,Senior Research Scientist
Steven Carter,36,EMP0089,Engineering,1/4/2015,Engineering Manager
Douglas Rodriguez,48,EMP0090,Operations,1/23/2021,Operations Director
Daniel Johnson,24,EMP0091,Administration,3/1/2023,Administrative Manager
Matthew Morales,41,EMP0092,Research & Development,11/29/2015,R&D Manager
Kimberly Mendoza,44,EMP0093,Research & Development,7/5/2024,Research Scientist
Debra Diaz,22,EMP0094,Legal,1/9/2020,Legal Assistant
Daniel Ortiz,41,EMP0095,Marketing,11/6/2018,Marketing Manager
Jennifer Alvarez,60,EMP0096,Finance,10/31/2019,Accounts Payable Specialist
Jose Rivera,43,EMP0097,Human Resources,8/23/2019,HR Coordinator
Aaron Scott,55,EMP0098,Product Management,4/1/2018,Product Manager
Matthew Lewis,51,EMP0099,Research & Development,4/8/2018,R&D Analyst
Cynthia Hill,55,EMP0100,Research & Development,8/28/2016,Innovation Manager
Samuel Diaz,28,EMP0101,Finance,9/15/2015,Finance Manager
Jose Perez,38,EMP0102,IT,8/14/2024,System Administrator
Robert Lewis,24,EMP0103,Customer Support,3/24/2018,Customer Service Representative
Amy Robinson,42,EMP0104,Marketing,8/11/2018,Growth Manager
David Perez,28,EMP0105,Administration,3/7/2022,Executive Assistant
Matthew Thompson,50,EMP0106,Quality Assurance,6/24/2017,QA Lead
Michelle Brown,36,EMP0107,Quality Assurance,2/4/2023,QA Manager
Maria Anderson,44,EMP0108,Engineering,4/5/2020,Junior Developer
Deborah Hill,57,EMP0109,Quality Assurance,7/25/2019,Test Engineer
Kevin Bennett,39,EMP0110,Engineering,1/2/2016,DevOps Engineer
Sarah Chavez,65,EMP0111,Research & Development,10/17/2016,Innovation Manager
Michelle Robinson,65,EMP0112,Engineering,8/15/2016,Junior Developer
Raymond Alvarez,64,EMP0113,Administration,3/17/2018,Office Manager
Paul Gray,58,EMP0114,Research & Development,3/4/2023,R&D Analyst
Emma Lewis,30,EMP0115,Sales,8/20/2019,Sales Director
Michael Lee,58,EMP0116,Human Resources,1/24/2020,Talent Acquisition Specialist
Steven Taylor,37,EMP0117,Finance,5/13/2021,Accounts Receivable Specialist
James Alvarez,37,EMP0118,Sales,6/13/2020,Sales Executive
Carol Hernandez,38,EMP0119,Marketing,7/25/2023,Growth Manager
Eric Diaz,29,EMP0120,Operations,7/6/2017,Logistics Manager
John Moore,26,EMP0121,Operations,10/8/2016,Operations Coordinator
Emma Wood,56,EMP0122,Human Resources,8/18/2022,Talent Acquisition Specialist
Sandra Bennett,51,EMP0123,Research & Development,3/3/2015,Innovation Manager
Christine Cooper,47,EMP0124,Marketing,2/25/2020,Content Strategist
Peter Rogers,25,EMP0125,Marketing,8/17/2020,Marketing Analyst
Anthony Myers,41,EMP0126,Operations,8/4/2019,Supply Chain Manager
Benjamin Ramos,27,EMP0127,Operations,11/30/2016,Operations Manager
Zachary Sanchez,33,EMP0128,Legal,2/18/2022,Contract Manager
George Murphy,54,EMP0129,Customer Support,4/14/2015,Customer Service Representative
Jessica Flores,47,EMP0130,Engineering,11/29/2015,Frontend Developer
David Ramirez,48,EMP0131,Legal,6/8/2021,Paralegal
Virginia Watson,49,EMP0132,Operations,3/6/2021,Operations Coordinator
Jeffrey Patel,61,EMP0133,Customer Support,1/20/2019,Technical Support Engineer
Larry Sanchez,44,EMP0134,Quality Assurance,5/7/2015,QA Analyst
Raymond Morgan,56,EMP0135,Human Resources,7/30/2018,Talent Acquisition Specialist
Steven Castillo,26,EMP0136,Sales,4/5/2022,Sales Operations Manager
Amy Hernandez,41,EMP0137,Sales,7/30/2021,Business Development Manager
Donna Hill,58,EMP0138,Operations,4/16/2020,Operations Coordinator
Joseph Ortiz,27,EMP0139,Marketing,2/13/2017,Digital Marketing Specialist
Janet Watson,38,EMP0140,Human Resources,12/26/2022,HR Manager
Virginia Lewis,23,EMP0141,Product Management,12/13/2021,Associate Product Manager
Sandra James,49,EMP0142,Engineering,6/21/2024,Tech Lead
Sharon Mendoza,33,EMP0143,Administration,1/11/2018,Administrative Manager
Barbara Howard,42,EMP0144,Customer Support,10/6/2018,Support Team Lead
Pamela Hall,26,EMP0145,Operations,4/7/2022,Operations Analyst
Justin Gomez,42,EMP0146,Engineering,2/24/2016,Full Stack Developer
Adam Kelly,46,EMP0147,Research & Development,11/12/2015,Innovation Manager
Maria James,37,EMP0148,Human Resources,6/25/2022,Recruitment Manager
Benjamin Phillips,29,EMP0149,Engineering,3/5/2015,Software Engineer
Dennis Hill,59,EMP0150,Customer Support,11/12/2017,Customer Support Specialist
Donna Ruiz,52,EMP0151,Product Management,7/20/2017,Product Manager
Tyler Bailey,40,EMP0152,Product Management,9/3/2018,Product Analyst
Zachary Castillo,65,EMP0153,Legal,6/29/2019,Legal Counsel
Olivia Lopez,50,EMP0154,Engineering,10/16/2017,Backend Developer
Frank Brown,50,EMP0155,Engineering,7/27/2015,Backend Developer
Jack Cook,59,EMP0156,Quality Assurance,5/22/2020,Test Engineer
Timothy Peterson,56,EMP0157,Sales,10/23/2020,Sales Operations Manager
Steven Moore,26,EMP0158,Sales,11/5/2020,Account Manager
Jeffrey Nelson,50,EMP0159,Marketing,12/5/2019,Content Strategist
Emily Cook,23,EMP0160,Customer Support,2/7/2016,Support Team Lead
Maria Gonzalez,58,EMP0161,Research & Development,5/27/2024,Innovation Manager
Matthew Brown,62,EMP0162,Legal,3/5/2018,Paralegal
Christine Cox,54,EMP0163,Sales,5/14/2023,Account Manager
Nathan Gray,43,EMP0164,Engineering,4/1/2016,Solutions Architect
Nicholas Evans,32,EMP0165,Administration,12/7/2017,Receptionist
James Bailey,53,EMP0166,Human Resources,1/22/2021,Training Coordinator
Edward Thompson,52,EMP0167,Legal,12/5/2024,Contract Manager
Kimberly Thompson,36,EMP0168,Legal,3/18/2017,Legal Assistant
Virginia Reed,32,EMP0169,Marketing,10/12/2023,Growth Manager
Maria Johnson,28,EMP0170,IT,5/29/2021,IT Director
Lisa Wood,50,EMP0171,Quality Assurance,5/1/2023,Automation Engineer
Kelly Hill,35,EMP0172,Finance,5/9/2020,Senior Accountant
Carolyn Taylor,28,EMP0173,Human Resources,11/19/2016,HR Director
Ronald Ortiz,25,EMP0174,Marketing,9/30/2022,Content Strategist
Margaret Sanchez,58,EMP0175,Marketing,9/1/2021,Marketing Manager
Pamela Johnson,54,EMP0176,Customer Support,11/24/2021,Customer Success Manager
Scott Johnson,34,EMP0177,IT,8/1/2018,Network Engineer
Cynthia Wright,65,EMP0178,Administration,1/27/2020,Executive Assistant
Emma Carter,62,EMP0179,Engineering,9/9/2024,Tech Lead
Nathan Peterson,26,EMP0180,Marketing,4/24/2024,Growth Manager
Aaron Howard,23,EMP0181,Finance,11/25/2022,Senior Accountant
Dorothy Chavez,28,EMP0182,Legal,11/23/2024,Legal Counsel
Dorothy Allen,40,EMP0183,Engineering,4/6/2022,Solutions Architect
Eric Nguyen,65,EMP0184,Product Management,11/4/2017,Product Manager
Daniel Miller,24,EMP0185,Legal,6/6/2018,Paralegal
Ruth Parker,34,EMP0186,Marketing,5/10/2024,SEO Specialist
Jeffrey Castillo,51,EMP0187,Marketing,3/20/2021,Marketing Manager
Anthony Thomas,31,EMP0188,Human Resources,1/10/2019,Training Coordinator
Kathleen Turner,32,EMP0189,Marketing,1/16/2019,Marketing Coordinator
David Bennett,33,EMP0190,Sales,10/10/2019,Sales Executive
Nicole Patel,65,EMP0191,Customer Support,5/16/2021,Customer Support Manager
Carol Brown,24,EMP0192,Product Management,9/9/2021,Senior Product Manager
Dorothy Harris,49,EMP0193,Finance,3/3/2017,Accounts Payable Specialist
Victoria Chavez,65,EMP0194,Finance,7/20/2017,Chief Financial Officer
Deborah Rogers,55,EMP0195,Engineering,3/23/2021,Full Stack Developer
Adam Howard,22,EMP0196,Research & Development,1/5/2019,Senior Research Scientist
Jonathan Mendoza,63,EMP0197,Research & Development,12/26/2018,Research Engineer
Olivia Myers,52,EMP0198,Human Resources,7/3/2018,HR Director
Angela Martinez,35,EMP0199,IT,1/28/2023,Database Administrator
Angela Bennett,47,EMP0200,Customer Support,1/8/2018,Customer Support Specialist
